{
  "project_info": {
    "project_number": "541160088985",
    "firebase_url": "https://appproject-6ed1a.firebaseio.com",
    "project_id": "appproject-6ed1a",
    "storage_bucket": "appproject-6ed1a.appspot.com"
  },
  "client": [
    {
      "client_info": {
        "mobilesdk_app_id": "1:541160088985:android:6dea9b83f213143ad49f08",
        "android_client_info": {
          "package_name": "com.example.appproject"
        }
      },
      "oauth_client": [
        {
          "client_id": "541160088985-00jt2del6hpteu3jmjlmn056v7uto86v.apps.googleusercontent.com",
          "client_type": 3
        }
      ],
      "api_key": [
        {
          "current_key": "AIzaSyDbvMlrDtn6-0CY6uL4xCNqqf68VwZoEnM"
        }
      ],
      "services": {
        "appinvite_service": {
          "other_platform_oauth_client": [
            {
              "client_id": "541160088985-00jt2del6hpteu3jmjlmn056v7uto86v.apps.googleusercontent.com",
              "client_type": 3
            }
          ]
        }
      }
    }
  ],
  "configuration_version": "1"
}